Workbook

Sheet 14.12_Master
A1: dt | B1: PM1 (ug/m3) | C1: PM2.5(ug/m3) | D1: PM10(ug/m3) | E1: PM1 (ug/m3) atmos env | F1: PM2.5(ug/m3) atmos env | G1: PM10(ug/m3) atmos env | H1: 0.3um in 0.1L air | I1: 0.5um in 0.1L air | J1: 1.0um in 0.1L air | K1: 2.5um in 0.1L air | L1: 5um in 0.1L air | M1: 10um in 0.1L air | N1: True PM2.5(ug/m3) | O1: True PM2.5(ug/m3) atmos env | P1: True PM10(ug/m3) | Q1: True PM10(ug/m3) atmos env
A2: 44544.374 | B2: 36 | C2: 62 | D2: 71 | E2: 28 | F2: 46 | G2: 60 | H2: 5700 | I2: 1771 | J2: 422 | K2: 66 | L2: 10 | M2: 6 | N2: =C2-B2 -> 26 | O2: =F2-E2 -> 18 | P2: =D2-C2 -> 9 | Q2: =G2-F2 -> 14
A3: 44544.375 | B3: 37 | C3: 65 | D3: 77 | E3: 29 | F3: 48 | G3: 63 | H3: 6048 | I3: 1836 | J3: 450 | K3: 76 | L3: 18 | M3: 6 | N3: =C3-B3 -> 28 | O3: =F3-E3 -> 19 | P3: =D3-C3 -> 12 | Q3: =G3-F3 -> 15
A4: 44544.375 | B4: 36 | C4: 64 | D4: 78 | E4: 28 | F4: 47 | G4: 63 | H4: 6099 | I4: 1815 | J4: 471 | K4: 68 | L4: 18 | M4: 6 | N4: =C4-B4 -> 28 | O4: =F4-E4 -> 19 | P4: =D4-C4 -> 14 | Q4: =G4-F4 -> 16
A5: 44544.375 | B5: 36 | C5: 64 | D5: 75 | E5: 28 | F5: 47 | G5: 62 | H5: 6111 | I5: 1792 | J5: 452 | K5: 68 | L5: 16 | M5: 4 | N5: =C5-B5 -> 28 | O5: =F5-E5 -> 19 | P5: =D5-C5 -> 11 | Q5: =G5-F5 -> 15
A6: 44544.375 | B6: 34 | C6: 62 | D6: 72 | E6: 27 | F6: 46 | G6: 60 | H6: 6048 | I6: 1767 | J6: 448 | K6: 66 | L6: 14 | M6: 4 | N6: =C6-B6 -> 28 | O6: =F6-E6 -> 19 | P6: =D6-C6 -> 10 | Q6: =G6-F6 -> 14
A7: 44544.376 | B7: 34 | C7: 62 | D7: 72 | E7: 28 | F7: 46 | G7: 61 | H7: 5997 | I7: 1759 | J7: 429 | K7: 62 | L7: 16 | M7: 4 | N7: =C7-B7 -> 28 | O7: =F7-E7 -> 18 | P7: =D7-C7 -> 10 | Q7: =G7-F7 -> 15
A8: 44544.376 | B8: 34 | C8: 61 | D8: 70 | E8: 27 | F8: 45 | G8: 59 | H8: 6045 | I8: 1780 | J8: 416 | K8: 60 | L8: 14 | M8: 4 | N8: =C8-B8 -> 27 | O8: =F8-E8 -> 18 | P8: =D8-C8 -> 9 | Q8: =G8-F8 -> 14
A9: 44544.376 | B9: 34 | C9: 62 | D9: 72 | E9: 27 | F9: 46 | G9: 60 | H9: 6102 | I9: 1788 | J9: 431 | K9: 64 | L9: 16 | M9: 6 | N9: =C9-B9 -> 28 | O9: =F9-E9 -> 19 | P9: =D9-C9 -> 10 | Q9: =G9-F9 -> 14
A10: 44544.376 | B10: 33 | C10: 59 | D10: 67 | E10: 27 | F10: 45 | G10: 57 | H10: 6027 | I10: 1759 | J10: 405 | K10: 50 | L10: 12 | M10: 4 | N10: =C10-B10 -> 26 | O10: =F10-E10 -> 18 | P10: =D10-C10 -> 8 | Q10: =G10-F10 -> 12
A11: 44544.376 | B11: 33 | C11: 57 | D11: 68 | E11: 27 | F11: 44 | G11: 58 | H11: 6060 | I11: 1748 | J11: 384 | K11: 54 | L11: 16 | M11: 6 | N11: =C11-B11 -> 24 | O11: =F11-E11 -> 17 | P11: =D11-C11 -> 11 | Q11: =G11-F11 -> 14
A12: 44544.376 | B12: 33 | C12: 58 | D12: 68 | E12: 27 | F12: 44 | G12: 58 | H12: 6045 | I12: 1758 | J12: 396 | K12: 56 | L12: 16 | M12: 6 | N12: =C12-B12 -> 25 | O12: =F12-E12 -> 17 | P12: =D12-C12 -> 10 | Q12: =G12-F12 -> 14
A13: 44544.376 | B13: 33 | C13: 57 | D13: 68 | E13: 27 | F13: 44 | G13: 58 | H13: 6063 | I13: 1754 | J13: 388 | K13: 56 | L13: 16 | M13: 6 | N13: =C13-B13 -> 24 | O13: =F13-E13 -> 17 | P13: =D13-C13 -> 11 | Q13: =G13-F13 -> 14
... A1920: 44544.708 | B1920: 48 | C1920: 85 | D1920: 97 | E1920: 33 | F1920: 56 | G1920: 72 | H1920: 8154 | I1920: 2363 | J1920: 576 | K1920: 80 | L1920: 18 | M1920: 10 | N1920: =C1920-B1920 -> 37 | O1920: =F1920-E1920 -> 23 | P1920: =D1920-C1920 -> 12 | Q1920: =G1920-F1920 -> 16

Sheet PM1
A1: time | B1: PM1 (ug/m3) | C1: PM1 (ug/m3) atmos env
A2: 44544.374 | B2: 36 | C2: 28
A3: 44544.375 | B3: 37 | C3: 29
A4: 44544.375 | B4: 36 | C4: 28
A5: 44544.375 | B5: 36 | C5: 28
A6: 44544.375 | B6: 34 | C6: 27
A7: 44544.376 | B7: 34 | C7: 28
A8: 44544.376 | B8: 34 | C8: 27
A9: 44544.376 | B9: 34 | C9: 27
A10: 44544.376 | B10: 33 | C10: 27
A11: 44544.376 | B11: 33 | C11: 27
A12: 44544.376 | B12: 33 | C12: 27
A13: 44544.376 | B13: 33 | C13: 27
... A1920: 44544.708 | B1920: 48 | C1920: 33

Sheet PM2.5
A1: time | B1: PM2.5(ug/m3) | C1: PM2.5(ug/m3) atmos env
A2: 44544.374 | B2: ='14.12_Master'!N2 -> 26 | C2: ='14.12_Master'!O2 -> 18
A3: 44544.375 | B3: ='14.12_Master'!N3 -> 28 | C3: ='14.12_Master'!O3 -> 19
A4: 44544.375 | B4: ='14.12_Master'!N4 -> 28 | C4: ='14.12_Master'!O4 -> 19
A5: 44544.375 | B5: ='14.12_Master'!N5 -> 28 | C5: ='14.12_Master'!O5 -> 19
A6: 44544.375 | B6: ='14.12_Master'!N6 -> 28 | C6: ='14.12_Master'!O6 -> 19
A7: 44544.376 | B7: ='14.12_Master'!N7 -> 28 | C7: ='14.12_Master'!O7 -> 18
A8: 44544.376 | B8: ='14.12_Master'!N8 -> 27 | C8: ='14.12_Master'!O8 -> 18
A9: 44544.376 | B9: ='14.12_Master'!N9 -> 28 | C9: ='14.12_Master'!O9 -> 19
A10: 44544.376 | B10: ='14.12_Master'!N10 -> 26 | C10: ='14.12_Master'!O10 -> 18
A11: 44544.376 | B11: ='14.12_Master'!N11 -> 24 | C11: ='14.12_Master'!O11 -> 17
A12: 44544.376 | B12: ='14.12_Master'!N12 -> 25 | C12: ='14.12_Master'!O12 -> 17
A13: 44544.376 | B13: ='14.12_Master'!N13 -> 24 | C13: ='14.12_Master'!O13 -> 17
... A1920: 44544.708 | B1920: ='14.12_Master'!N1920 -> 37 | C1920: ='14.12_Master'!O1920 -> 23

Sheet PM10
A1: time | B1: PM10(ug/m3) | C1: PM10(ug/m3) atmos env
A2: 44544.374 | B2: ='14.12_Master'!P2 -> 9 | C2: ='14.12_Master'!Q2 -> 14
A3: 44544.375 | B3: ='14.12_Master'!P3 -> 12 | C3: ='14.12_Master'!Q3 -> 15
A4: 44544.375 | B4: ='14.12_Master'!P4 -> 14 | C4: ='14.12_Master'!Q4 -> 16
A5: 44544.375 | B5: ='14.12_Master'!P5 -> 11 | C5: ='14.12_Master'!Q5 -> 15
A6: 44544.375 | B6: ='14.12_Master'!P6 -> 10 | C6: ='14.12_Master'!Q6 -> 14
A7: 44544.376 | B7: ='14.12_Master'!P7 -> 10 | C7: ='14.12_Master'!Q7 -> 15
A8: 44544.376 | B8: ='14.12_Master'!P8 -> 9 | C8: ='14.12_Master'!Q8 -> 14
A9: 44544.376 | B9: ='14.12_Master'!P9 -> 10 | C9: ='14.12_Master'!Q9 -> 14
A10: 44544.376 | B10: ='14.12_Master'!P10 -> 8 | C10: ='14.12_Master'!Q10 -> 12
A11: 44544.376 | B11: ='14.12_Master'!P11 -> 11 | C11: ='14.12_Master'!Q11 -> 14
A12: 44544.376 | B12: ='14.12_Master'!P12 -> 10 | C12: ='14.12_Master'!Q12 -> 14
A13: 44544.376 | B13: ='14.12_Master'!P13 -> 11 | C13: ='14.12_Master'!Q13 -> 14
... A1920: 44544.708 | B1920: ='14.12_Master'!P1920 -> 12 | C1920: ='14.12_Master'!Q1920 -> 16
