Workbook

Sheet 17.12_Master
A1: dt | B1: PM1 (ug/m3) | C1: PM2.5(ug/m3) | D1: PM10(ug/m3) | E1: PM1 (ug/m3) atmos env | F1: PM2.5(ug/m3) atmos env | G1: PM10(ug/m3) atmos env | H1: 0.3um in 0.1L air | I1: 0.5um in 0.1L air | J1: 1.0um in 0.1L air | K1: 2.5um in 0.1L air | L1: 5um in 0.1L air | M1: 10um in 0.1L air | N1: True PM2.5(ug/m3) | O1: True PM2.5(ug/m3) atmos env | P1: True PM10(ug/m3) | Q1: True PM10(ug/m3) atmos env
A2: 44547.375 | B2: 46 | C2: 78 | D2: 85 | E2: 33 | F2: 54 | G2: 68 | H2: 0 | I2: 0 | J2: 0 | K2: 0 | L2: 0 | M2: 0 | N2: =C2-B2 -> 32 | O2: =F2-E2 -> 21 | P2: =D2-C2 -> 7 | Q2: =G2-F2 -> 14
A3: 44547.375 | B3: 47 | C3: 79 | D3: 89 | E3: 34 | F3: 54 | G3: 71 | H3: 7446 | I3: 2178 | J3: 528 | K3: 58 | L3: 14 | M3: 4 | N3: =C3-B3 -> 32 | O3: =F3-E3 -> 20 | P3: =D3-C3 -> 10 | Q3: =G3-F3 -> 17
A4: 44547.375 | B4: 42 | C4: 72 | D4: 83 | E4: 32 | F4: 52 | G4: 66 | H4: 7014 | I4: 2042 | J4: 501 | K4: 58 | L4: 16 | M4: 6 | N4: =C4-B4 -> 30 | O4: =F4-E4 -> 20 | P4: =D4-C4 -> 11 | Q4: =G4-F4 -> 14
A5: 44547.376 | B5: 41 | C5: 74 | D5: 86 | E5: 31 | F5: 52 | G5: 68 | H5: 7104 | I5: 2088 | J5: 528 | K5: 62 | L5: 16 | M5: 10 | N5: =C5-B5 -> 33 | O5: =F5-E5 -> 21 | P5: =D5-C5 -> 12 | Q5: =G5-F5 -> 16
A6: 44547.376 | B6: 43 | C6: 72 | D6: 84 | E6: 31 | F6: 51 | G6: 67 | H6: 7407 | I6: 2167 | J6: 497 | K6: 60 | L6: 16 | M6: 10 | N6: =C6-B6 -> 29 | O6: =F6-E6 -> 20 | P6: =D6-C6 -> 12 | Q6: =G6-F6 -> 16
A7: 44547.376 | B7: 43 | C7: 70 | D7: 85 | E7: 31 | F7: 50 | G7: 67 | H7: 7443 | I7: 2169 | J7: 474 | K7: 58 | L7: 20 | M7: 14 | N7: =C7-B7 -> 27 | O7: =F7-E7 -> 19 | P7: =D7-C7 -> 15 | Q7: =G7-F7 -> 17
A8: 44547.376 | B8: 44 | C8: 71 | D8: 84 | E8: 32 | F8: 50 | G8: 66 | H8: 7488 | I8: 2194 | J8: 483 | K8: 54 | L8: 18 | M8: 12 | N8: =C8-B8 -> 27 | O8: =F8-E8 -> 18 | P8: =D8-C8 -> 13 | Q8: =G8-F8 -> 16
A9: 44547.376 | B9: 46 | C9: 75 | D9: 91 | E9: 33 | F9: 51 | G9: 69 | H9: 7905 | I9: 2315 | J9: 506 | K9: 64 | L9: 22 | M9: 12 | N9: =C9-B9 -> 29 | O9: =F9-E9 -> 18 | P9: =D9-C9 -> 16 | Q9: =G9-F9 -> 18
A10: 44547.376 | B10: 45 | C10: 77 | D10: 93 | E10: 32 | F10: 52 | G10: 70 | H10: 7887 | I10: 2300 | J10: 522 | K10: 72 | L10: 22 | M10: 12 | N10: =C10-B10 -> 32 | O10: =F10-E10 -> 20 | P10: =D10-C10 -> 16 | Q10: =G10-F10 -> 18
A11: 44547.377 | B11: 46 | C11: 81 | D11: 95 | E11: 32 | F11: 53 | G11: 70 | H11: 8151 | I11: 2371 | J11: 564 | K11: 72 | L11: 22 | M11: 8 | N11: =C11-B11 -> 35 | O11: =F11-E11 -> 21 | P11: =D11-C11 -> 14 | Q11: =G11-F11 -> 17
A12: 44547.377 | B12: 45 | C12: 81 | D12: 95 | E12: 32 | F12: 53 | G12: 70 | H12: 7950 | I12: 2331 | J12: 564 | K12: 84 | L12: 22 | M12: 6 | N12: =C12-B12 -> 36 | O12: =F12-E12 -> 21 | P12: =D12-C12 -> 14 | Q12: =G12-F12 -> 17
A13: 44547.377 | B13: 45 | C13: 81 | D13: 98 | E13: 32 | F13: 53 | G13: 71 | H13: 7893 | I13: 2322 | J13: 566 | K13: 88 | L13: 28 | M13: 6 | N13: =C13-B13 -> 36 | O13: =F13-E13 -> 21 | P13: =D13-C13 -> 17 | Q13: =G13-F13 -> 18
... A6601: 44548.522 | B6601: 48 | C6601: 84 | D6601: 97 | E6601: 33 | F6601: 55 | G6601: 71 | H6601: 8301 | I6601: 2431 | J6601: 619 | K6601: 80 | L6601: 16 | M6601: 12 | N6601: =C6601-B6601 -> 36 | O6601: =F6601-E6601 -> 22 | P6601: =D6601-C6601 -> 13 | Q6601: =G6601-F6601 -> 16

Sheet PM1
A1: time | B1: PM1 (ug/m3) | C1: PM1 (ug/m3) atmos env
A2: 44547.375 | B2: 46 | C2: 33
A3: 44547.375 | B3: 47 | C3: 34
A4: 44547.375 | B4: 42 | C4: 32
A5: 44547.376 | B5: 41 | C5: 31
A6: 44547.376 | B6: 43 | C6: 31
A7: 44547.376 | B7: 43 | C7: 31
A8: 44547.376 | B8: 44 | C8: 32
A9: 44547.376 | B9: 46 | C9: 33
A10: 44547.376 | B10: 45 | C10: 32
A11: 44547.377 | B11: 46 | C11: 32
A12: 44547.377 | B12: 45 | C12: 32
A13: 44547.377 | B13: 45 | C13: 32
... A6601: 44548.522 | B6601: 48 | C6601: 33

Sheet PM1_1500_cutoff
A1: time | B1: PM1 (ug/m3) | C1: PM1 (ug/m3) atmos env
A2: 44547.375 | B2: 46 | C2: 33
A3: 44547.375 | B3: 47 | C3: 34
A4: 44547.375 | B4: 42 | C4: 32
A5: 44547.376 | B5: 41 | C5: 31
A6: 44547.376 | B6: 43 | C6: 31
A7: 44547.376 | B7: 43 | C7: 31
A8: 44547.376 | B8: 44 | C8: 32
A9: 44547.376 | B9: 46 | C9: 33
A10: 44547.376 | B10: 45 | C10: 32
A11: 44547.377 | B11: 46 | C11: 32
A12: 44547.377 | B12: 45 | C12: 32
A13: 44547.377 | B13: 45 | C13: 32
... A1440: 44547.625 | B1440: 34 | C1440: 28

Sheet PM2.5
A1: time | B1: PM2.5(ug/m3) | C1: PM2.5(ug/m3) atmos env
A2: 44547.375 | B2: ='17.12_Master'!N2 -> 32 | C2: ='17.12_Master'!O2 -> 21
A3: 44547.375 | B3: ='17.12_Master'!N3 -> 32 | C3: ='17.12_Master'!O3 -> 20
A4: 44547.375 | B4: ='17.12_Master'!N4 -> 30 | C4: ='17.12_Master'!O4 -> 20
A5: 44547.376 | B5: ='17.12_Master'!N5 -> 33 | C5: ='17.12_Master'!O5 -> 21
A6: 44547.376 | B6: ='17.12_Master'!N6 -> 29 | C6: ='17.12_Master'!O6 -> 20
A7: 44547.376 | B7: ='17.12_Master'!N7 -> 27 | C7: ='17.12_Master'!O7 -> 19
A8: 44547.376 | B8: ='17.12_Master'!N8 -> 27 | C8: ='17.12_Master'!O8 -> 18
A9: 44547.376 | B9: ='17.12_Master'!N9 -> 29 | C9: ='17.12_Master'!O9 -> 18
A10: 44547.376 | B10: ='17.12_Master'!N10 -> 32 | C10: ='17.12_Master'!O10 -> 20
A11: 44547.377 | B11: ='17.12_Master'!N11 -> 35 | C11: ='17.12_Master'!O11 -> 21
A12: 44547.377 | B12: ='17.12_Master'!N12 -> 36 | C12: ='17.12_Master'!O12 -> 21
A13: 44547.377 | B13: ='17.12_Master'!N13 -> 36 | C13: ='17.12_Master'!O13 -> 21
... A6601: 44548.522 | B6601: ='17.12_Master'!N6601 -> 36 | C6601: ='17.12_Master'!O6601 -> 22

Sheet PM2.5_1500_cutoff
A1: time | B1: PM2.5(ug/m3) | C1: PM2.5(ug/m3) atmos env
A2: 44547.375 | B2: ='17.12_Master'!N2 -> 32 | C2: ='17.12_Master'!O2 -> 21
A3: 44547.375 | B3: ='17.12_Master'!N3 -> 32 | C3: ='17.12_Master'!O3 -> 20
A4: 44547.375 | B4: ='17.12_Master'!N4 -> 30 | C4: ='17.12_Master'!O4 -> 20
A5: 44547.376 | B5: ='17.12_Master'!N5 -> 33 | C5: ='17.12_Master'!O5 -> 21
A6: 44547.376 | B6: ='17.12_Master'!N6 -> 29 | C6: ='17.12_Master'!O6 -> 20
A7: 44547.376 | B7: ='17.12_Master'!N7 -> 27 | C7: ='17.12_Master'!O7 -> 19
A8: 44547.376 | B8: ='17.12_Master'!N8 -> 27 | C8: ='17.12_Master'!O8 -> 18
A9: 44547.376 | B9: ='17.12_Master'!N9 -> 29 | C9: ='17.12_Master'!O9 -> 18
A10: 44547.376 | B10: ='17.12_Master'!N10 -> 32 | C10: ='17.12_Master'!O10 -> 20
A11: 44547.377 | B11: ='17.12_Master'!N11 -> 35 | C11: ='17.12_Master'!O11 -> 21
A12: 44547.377 | B12: ='17.12_Master'!N12 -> 36 | C12: ='17.12_Master'!O12 -> 21
A13: 44547.377 | B13: ='17.12_Master'!N13 -> 36 | C13: ='17.12_Master'!O13 -> 21
... A1440: 44547.625 | B1440: ='17.12_Master'!N1440 -> 26 | C1440: ='17.12_Master'!O1440 -> 18

Sheet PM10
A1: time | B1: PM10(ug/m3) | C1: PM10(ug/m3) atmos env
A2: 44547.375 | B2: ='17.12_Master'!P2 -> 7 | C2: ='17.12_Master'!Q2 -> 14
A3: 44547.375 | B3: ='17.12_Master'!P3 -> 10 | C3: ='17.12_Master'!Q3 -> 17
A4: 44547.375 | B4: ='17.12_Master'!P4 -> 11 | C4: ='17.12_Master'!Q4 -> 14
A5: 44547.376 | B5: ='17.12_Master'!P5 -> 12 | C5: ='17.12_Master'!Q5 -> 16
A6: 44547.376 | B6: ='17.12_Master'!P6 -> 12 | C6: ='17.12_Master'!Q6 -> 16
A7: 44547.376 | B7: ='17.12_Master'!P7 -> 15 | C7: ='17.12_Master'!Q7 -> 17
A8: 44547.376 | B8: ='17.12_Master'!P8 -> 13 | C8: ='17.12_Master'!Q8 -> 16
A9: 44547.376 | B9: ='17.12_Master'!P9 -> 16 | C9: ='17.12_Master'!Q9 -> 18
A10: 44547.376 | B10: ='17.12_Master'!P10 -> 16 | C10: ='17.12_Master'!Q10 -> 18
A11: 44547.377 | B11: ='17.12_Master'!P11 -> 14 | C11: ='17.12_Master'!Q11 -> 17
A12: 44547.377 | B12: ='17.12_Master'!P12 -> 14 | C12: ='17.12_Master'!Q12 -> 17
A13: 44547.377 | B13: ='17.12_Master'!P13 -> 17 | C13: ='17.12_Master'!Q13 -> 18
... A6601: 44548.522 | B6601: ='17.12_Master'!P6601 -> 13 | C6601: ='17.12_Master'!Q6601 -> 16

Sheet PM10_1500_cutoff
A1: time | B1: PM10(ug/m3) | C1: PM10(ug/m3) atmos env
A2: 44547.375 | B2: ='17.12_Master'!P2 -> 7 | C2: ='17.12_Master'!Q2 -> 14
A3: 44547.375 | B3: ='17.12_Master'!P3 -> 10 | C3: ='17.12_Master'!Q3 -> 17
A4: 44547.375 | B4: ='17.12_Master'!P4 -> 11 | C4: ='17.12_Master'!Q4 -> 14
A5: 44547.376 | B5: ='17.12_Master'!P5 -> 12 | C5: ='17.12_Master'!Q5 -> 16
A6: 44547.376 | B6: ='17.12_Master'!P6 -> 12 | C6: ='17.12_Master'!Q6 -> 16
A7: 44547.376 | B7: ='17.12_Master'!P7 -> 15 | C7: ='17.12_Master'!Q7 -> 17
A8: 44547.376 | B8: ='17.12_Master'!P8 -> 13 | C8: ='17.12_Master'!Q8 -> 16
A9: 44547.376 | B9: ='17.12_Master'!P9 -> 16 | C9: ='17.12_Master'!Q9 -> 18
A10: 44547.376 | B10: ='17.12_Master'!P10 -> 16 | C10: ='17.12_Master'!Q10 -> 18
A11: 44547.377 | B11: ='17.12_Master'!P11 -> 14 | C11: ='17.12_Master'!Q11 -> 17
A12: 44547.377 | B12: ='17.12_Master'!P12 -> 14 | C12: ='17.12_Master'!Q12 -> 17
A13: 44547.377 | B13: ='17.12_Master'!P13 -> 17 | C13: ='17.12_Master'!Q13 -> 18
... A1440: 44547.625 | B1440: ='17.12_Master'!P1440 -> 5 | C1440: ='17.12_Master'!Q1440 -> 11
